Colegio,Teléfono,Email,Codigo Postal,Provincia,Estado
CEIP LES ROTES,696072711,Davinia2santos@hotmail.com,3,ALTEA,ALICANTE
COLEGIO COOPERATIVA ANDRÉS DE VANDELVIRA,630356322,ainhoa.alvarez@vandelvira.es,23,JAÉN,ANDALUCÍA
CEIP PABLO RUIZ PICASSO,655528576,mariccardenas@gmail.com,29,MÁLAGA,ANDALUCÍA
CPR LUSOR,671203124,carmen-pr@hotmail.com,4,ALMERÍA,ANDALUCÍA
CEIP PINTOR FÉLIX REVELLO DE TORO,697951559,Franciscojavier.abelaira@ceiprevellodetoro.org,29,MÁLAGA,ANDALUCÍA
IES SANTIAGO RAMÓN Y CAJAL,658500260,elena.amador.moreno@gmail.com,0,MALAGA,ANDALUCÍA
CEI SNOOPY,618596397,eisnoopy@hotmail.com,0,MALAGA,ANDALUCÍA
CEIP JUAN CARRILLO,671566934,29007718.direccion.edu@juntadeandalucia.es,29,MÁLAGA,ANDALUCÍA
ESCUELA INFANTIL VIATOR,667887667,macruz@eikoala.es,0,VIATOR,ANDALUCÍA
CEIP VALERIANO LÓPEZ,615588035,29016173.edu@juntadeandalucia.es,0,ESTEPONA,ANDALUCIA
CEIP MIGUEL HERNÁNDEZ,951270551,29009533.edu@juntadeandalucia.es,29,MÁLAGA,ANDALUCIA
IES LEVANTE,617137583,isabelpozoayuso@gmail.com,11,CÁDIZ,ANDALUCIA
CEI LILLIPUT,620309640,mbelmonte1987@gmail.com,4,ALMERÍA,ANDALUCIA
ESCUELA INFANTIL MIRADOR DE LA VEGA,607376792,sofia.gonzalez@gmail.com,18,GRANADA,ANDALUCIA
5 CHUPETES,658938163,recepcionciudadjardin@5chupetes.com,29,MÁLAGA,ANDALUCÍA
ECUELA INFANTIL CUENTA CUENTOS,660756199,ctablado@eikoala.es,23,JAÉN,ANDALUCÍA
E.I. ZAPATA,671594053,29000396.edu@juntadeandalucia.es,29,MÁLAGA,ANDALUCÍA
CEI VIRGEN DEL CARMEN,686336270,soylakesoy@hotmail.com,4,ALMERÍA,ANDALUCÍA
ESCUELA INFANTIL CHUPETINES LA ARRUZAFA,689142361,chupetineseilaarruzafa@gmail.com,14,CÓRDOBA,ANDALUCÍA
C.E.I VOCALES,630638027,vocales@hotmail.es,29,MÁLAGA,ANDALUCÍA
CARMEN URBANO VILLEGAS,658615432,victoria_perdigon@hotmail.com,29,MÁLAGA,ANDALUCÍA
MONTESSORI COMMUNITY GRANADA,722663242,info@montessoricg.com,18,GRANADA,ANDALUCÍA
CEIP EL RETAMAL,697955411,18006406.edu@juntadeandalucia.es,18,GRANADA,ANDALUCÍA
CEI EL TRIÁNGULO,657310637,guarderiaeltriangulo@gmail.com,41,SEVILLA,ANDALUCÍA
C.E.I. EL NIDO,678856417,e.i.elnido@gmail.com,11,CÁDIZ,ANDALUCÍA
CEI SNOOPY I,617596397,eisnoopy@hotmail.com,29,MÁLAGA,ANDALUCÍA
CEIP NUESTRA SEÑORA DE LA ESTRELLA,637254776,jarillolopezc5@gmail.com,0,EL GARROBO,ANDALUCÍA
CEI PATITO AMARILLO,662947733,patitoamarillo@patitoamarillo.com,29,MÁLAGA,ANDALUCÍA
CEIP NTRA SRA DE LA SALUD,667996590,18005414.edu@juntadeandalucia.es,18,GRANADA,ANDALUCÍA
CEI. MARIA INMACULADA,608226647,einfinmaculada@gmail.com,18,GRANADA,ANDALUCÍA
CEIP NTRA SRA DE LAS ANGUSTIAS,629646712,santicolehuetor@ceipangustias.com,18,GRANADA,ANDALUCÍA
ESCUELA INFANTIL ROSA LÓPEZ CERVANTES,630816577,eirosalopezcervantes@gmail.com,18,GRANADA,ANDALUCÍA
CEIP JOSÉ SARAMAGO,627509446,iruirec822@g.educaand.es,4,ALMERÍA,ANDALUCÍA
CEIP LA BARCA,629975131,genorelatoras@gmail.com,0,CADIZ,ANDALUCÍA
CEI DON CHUPETE,952843590,ceidonchupete@gmail.com,29,MÁLAGA,ANDALUCÍA
CEI JUAN DE MAIRENA,617370207,prudenciacaraballo@gmail.com,41,SEVILLA,ANDALUCÍA
EL CENTRO INGLÉS,956 850 560,pdirector@elcentroingles.es,11,CÁDIZ,ANDALUCÍA
SANTA MARÍA DE GRACIA,959253643,orientacion@agustinashuelva.com,21,HUELVA,ANDALUCÍA
CEIP DOMINGO LOZANO,679497927,colegio@ceipdomingolozano.com,29,MÁLAGA,ANDALUCÍA
CEIP SAN ISIDRO,951289926,29007354.edu@juntadeandalucia.es,29,MÁLAGA,ANDALUCÍA
CEIP REMEDIOS ROJO,671567735,29007111.edu@juntadeandalucia.es,29,MÁLAGA,ANDALUCÍA
CEIP HERMANOS GIL MUÑIZ,622087890,ahorques@gmail.com,29,MÁLAGA,ANDALUCÍA
CEIP MAICANDIL,951270745 / 618643889,29006271.edu@juntadeandalucia.es,29,MÁLAGA,ANDALUCÍA
CEIP MARIANA PINEDA,697951788,29005801.DIRECCION@G.EDUCAAND.ES,29,MÁLAGA,ANDALUCÍA
CEIP PAULO FREIRE,618118352,29009697.edu@juntadeandalucia.es,29,MÁLAGA,ANDALUCÍA
CEPR EL CHAPARRAL,689654083,LOLICAJI@TELEFONICA.NET,29,MÁLAGA,ANDALUCÍA
PATATINA BABY SCHOOL,629555016,patatinababyschool@yahoo.com,29,MÁLAGA,ANDALUCÍA
CDP PARTY,952773290,info@cpeiparty.com,29,MÁLAGA,ANDALUCÍA
CEIP MIGUEL DE CERVANTES,679791660,lguerr79@hotmail.com,29,MÁLAGA,ANDALUCÍA
COLEGIO VIRGEN DEL MAR,657086891,direccion.virgendelmar@fundacionvictoria.edu.es,29,MÁLAGA,ANDALUCÍA
E.R LOS GAMEZ,658424735,angelantonio.fuentes@fundacionvictoria.edu.es,29,MÁLAGA,ANDALUCÍA
CEI MIMOS,620602700,cei_mimos@hotmail.com,14,CÓRDOBA,ANDALUCÍA
ESCUELA INFANTIL AMAPOLA,672045566,guarderia@carmona.org,41,SEVILLA,ANDALUCÍA
CEIP TIRSO DE MOLINA,662221859,maestroborja@ceiptirsomolina.com,18,GRANADA,ANDALUCÍA
CEIP VIRGEN DE LA CABEZA,600296053,marsan24@hotmail.com,0,RONDA,ANDALUCÍA
COLEGIO LOS GÁMEZ FUNDACION VICTORIA,658424735,soledad.diaz@fundacionvictoria.edu.es,29,MÁLAGA,ANDALUCÍA
CEIP EL ALBERO,600361924,29601732.edu@juntadeandalucia.es,29,MÁLAGA,ANDALUCÍA
CEIP SAN IGNACIO ( FUENTE PIEDRA),615852455,28003087.edu@juntadeandalucia.es,29,MÁLAGA,ANDALUCÍA
ESCUELA INFANTIL CHUPETINES LA ARRUZAFA,689142361,chupetineseilaarruzafa@gmail.com,14,CÓRDOBA,ANDALUCÍA
CEIP DOMINGO LOZANO,679497927,colegio@ceipdomingolozano.com,29,MÁLAGA,ANDALUCÍA
ESCUELA INFANTIL KIDSCO CERRO MURISNO,626622656,teresamarta13@gmail.com,14,CÓRDOBA,ANDALUCÍA
ESCUELA INFANTIL KIDSCO BASE AÉREA DE ARMILLA,669655221,armilla@kidsco.es,18,GRANADA,ANDALUCÍA
KIDSCO ÁLVAREZ DE SOTOMAYOR,950180269,viator@kidsco.es,4,ALMERÍA,ANDALUCÍA
ATALAYA COLEGIO INTERNACIONAL,952003171,paris.chetwynd@colegioatalaya.es,29,MÁLAGA,ANDALUCÍA
CDP LA PURÍSIMA,615239443,profemiguelbatun@gmail.com,29,MÁLAGA,ANDALUCÍA
C.P.R. SERRANÍA,655 77 29 85,colegioserrania@gmail.com,29,MÁLAGA,ANDALUCÍA
CEIP LA BIZNAGA,951298945,29003580.EDU@JUNTADEANDALUCIA.ES,29,MÁLAGA,ANDALUCÍA
CEIP PABLO NERUDA,951298552,29011591.edu@juntadeandalucia.es,29,MÁLAGA,ANDALUCÍA
MARQUÉS DE IZNATE,697951935,29003166.edu@juntadeandalucia.es,29,MÁLAGA,ANDALUCÍA
CEPR MIGUEL HERNÁNDEZ,697951757,ceipmiguelhernandez@gmail.com,29,MÁLAGA,ANDALUCÍA
CEIP TAMIXA,653581831,direccion@ceiptamixa.com,29,MÁLAGA,ANDALUCÍA
CEIP JUAN CARRILLO,671566934,29007718.direccion.edu@juntadeandalucia.es,29,MÁLAGA,ANDALUCÍA
CEIP ENRIQUE GINÂ´`ES,951289596,maestramariadelmar@enriquegines.es,29,MÁLAGA,ANDALUCÍA
CEIP SAN JUAN BAUTISTA,952712695,29002630.edu@juntadeandalucia.es,29,MÁLAGA,ANDALUCÍA
CEIP CARAZONY,669515384,29002253.edu@juntadeandalucia.es,29,MÁLAGA,ANDALUCÍA
CEIP FÉLIX PLAZA RAMOS,647539631,29602402.edu@juntadeandalucia.es,29,MÁLAGA,ANDALUCÍA
CEIP LA PARRA,951289915,colegio@ceiplaparra.com,29,MÁLAGA,ANDALUCÍA
CEIP CAETARIA,651486197,MARIJCR@GMAIL.COM,0,CADIZ,ANDALUCÍA
CEIP LAS NACIONES,666315529,jefatura@ceiplasnaciones.es,29,MÁLAGA,ANDALUCÍA
CEIP NTRA. SRA. DE MONSALUD,952712915,29000131.edu@juntadeandalucia.es,29,MÁLAGA,ANDALUCÍA
CEIP ANTONIO GALA,656819735,nuriaestherdiaz@gmail.com,29,MÁLAGA,ANDALUCÍA
CEIP JARDÍN BOTÁNICO,951268555,secretariajardinbotanico@hotmail.com,29,MÁLAGA,ANDALUCÍA
CEIP MAESTRO JOAQUÍN HERRERA ÁLVAREZ,666331214,isabelgomez@ceipmaestrojoaquinherreranerja.com,29,MÁLAGA,ANDALUCÍA
CEIP JUAN ARMARIO,956 41 85 00,agarcal461@g.educaand.es,11,CÁDIZ,ANDALUCÍA
CEIP MIGUEL FORTES FORTES,651754921,ccuamay299@g.educaand.es,29,MÁLAGA,ANDALUCÍA
CEIP CAYETANO BOLÍVAR,600140028,cayetanobolivar2015@gmail.com,29,MÁLAGA,ANDALUCÍA
CEIP PEDRO SALINAS,600140311,29011916.edu@juntadeandalucia.es,29,MÁLAGA,ANDALUCÍA
CEPR PINTOR PALOMO Y ANAYA,616552695,29002265.edu@juntadeandalucia.es,29,MÁLAGA,ANDALUCÍA
CEIP RECTORA ADELAIDA DE LA CALLE,606703761,mavila@colegiorectora.es,29,MÁLAGA,ANDALUCÍA
CEIP CARAZONY,627202861,anamariabermudezdelgado@carazony.es,29,MÁLAGA,ANDALUCÍA
CEIP ANTONIO CHECA MARTÍNEZ,671596008,29009570.EDU@JUNTADEANDALUCIA.ES,29,MÁLAGA,ANDALUCÍA
NOVASCHOOL BENALMÁDENA,610138618,lwhiddon@novaschool.es,29,MÁLAGA,ANDALUCÍA
CENTRO INFANTIL MUNDOPARSCHOOL,692266206,Ceomundoparkschool@hotmail.com,4,ALMERÍA,ANDALUCÍA
CENTRO INFANTIL MUNDOPARK2,692266206,Ceomundoparkschool@htomail.com,4,ALMERÍA,ANDALUCÍA
ESCUELA DE EDUCACIÓN INFANTIL ARCO IRIS,951269674,pacomaestroinfantil@gmail.com,29,MÁLAGA,ANDALUCÍA
SAN FRANCISCO JAVIER LA SALLE,952700964,dirsanfranciscojavier@lasalleandalucia.net,29,MÁLAGA,ANDALUCÍA
CEIP MIGUEL BERROCAL,671567378,jefatura@ceipmiguelberrocal.org,29,MÁLAGA,ANDALUCÍA
SALINAS,625226960,berenice.astorga@fundacionvictoria.edu.es,29,MÁLAGA,ANDALUCÍA
ESCUELA INFANTIL MARTIRICOS,659455083,itgongom@gmail.com,0,MALAGA,ANDALUCÍA
CEIP MANOLO GARVAYO,619946171,al2colegiomanologarvayo@gmail.com,0,ESPAÑA,ANDALUCÍA
CEIP LA PARRA,951289915,colegio@ceiplaparra.com,29,MÁLAGA,ANDALUCÍA
CENTRO DE EDUCACION INFANTIL APOLO,953275248,DIRECCION@ESCUELAINFANTILAPOLO.ES,0,JAEN,ANDALUCÍA
CEIP AUGUSTO SANTIAGO BELLIDO,951289528,29008589.edu@juntadeandalucia.es,29,MÁLAGA,ANDALUCÍA
CEIP VALDEOLLETAS,671566690,29010304.edu@juntadeandalucia.es,29,MÁLAGA,ANDALUCÍA
LA PEQUEÑA ESPONJA,678236659,beatriz86@hotmail.es,4,ALMERÍA,ANDALUCÍA
COLEGIO PLATERO,651631071,hinchadas_heroicos_0o@icloud.com,29,MÁLAGA,ANDALUCÍA
ESCUELA INFANTIL VIRGEN DE LA PAZ,636214986,11011299.edu@juntadeandalucia.es,11,CÁDIZ,ANDALUCÍA
CPR FILABRES,647886052,cruzsaez.isabel@gmail.com,4,ALMERÍA,ANDALUCÍA
E.I EL FARO,692510737,josefa361986@hotmail.com,11,CÁDIZ,ANDALUCÍA
EI CHIMENEA DE LAS HADAS,622784086,chimeneadelashadas.alboloduy@gmail.com,4,ALMERÍA,ANDALUCÍA
IES SAN BLAS (ARACENA),616102357,carmelo78@gmail.com,21,HUELVA,ANDALUCÍA
COLEGIO NUESTRA SEÑORA DE LAS MERCEDES,976663636,DIRECCION@MERCEDARIASEJEA.COM,50,ZARAGOZA,ARAGÓN
CEIP MATEO VALERO,976626060,cpalfamen@educa.aragon.es,50,ZARAGOZA,ARAGÓN
CRA ALBEOS,635707412,monigc_alb@hotmail.com,0,BELVER DE CINCA,ARAGON
CEIP MAESTRO DON PEDRO OROS,620437028,direccion.colegio@ceipmaestrodonpedrooros.com,50,ZARAGOZA,ARAGÓN
CEIP JOSÉ CAMÓN AZNAR,976329102,cpjcazaragoza@educa.aragon.es,50,ZARAGOZA,ARAGÓN
CEIP SANTIAGO APÓSTOL DE GRAÑÉN,974390203,cpsaphuesca@educa.aragon.es,22,HUESCA,ARAGÓN
CRA ALTA RIBAGORZA,974551180,crabenasque@educa.aragon.es,22,HUESCA,ARAGÓN
CEIP DE FIGUERUELAS,976656240,ceipfigueruelas@educa.aragon.es,0,ZARAGZOA,ARAGÓN
ESCUELA INFANTIL KIDSCO BASE SAN JORGE ZARAGOZA,607 01 67 76,sanjorge@kidsco.es,50,ZARAGOZA,ARAGÓN
E.I. KIDSCO NTRA. SRA.DE LORETO B.A.ZARAGOZA,976709090,zaragoza@kidsco.es,50,ZARAGOZA,ARAGÓN
CENTRO EDUCACIÓN INFANTIL SANCHO RAMÍREZ,628495360,huesca@kidsco.es,0,COLMENAR VIEJO,ARAGÓN
CEIP SIERRA DE ALGAIRÉN,685893682,vgalve@ceipsierradealgairen.catedu.es,50,ZARAGOZA,ARAGÓN
CEIPO MONTECANAL,976756925,cpmontecanal@colegiomontecanal.es,50,ZARAGOZA,ARAGÓN
COLEGIO NUESTRA SEÑORA DE LAS MERCEDES,976663636,rromeo@mercedariasejea.com,50,ZARAGOZA,ARAGÓN
CEIP CERVANTES,661229173,claravillars@gmail.com,50,ZARAGOZA,ARAGÓN
VIRGEN DEL ROMERAL,974428084,virgenromeral@colegiosaragon.org,22,HUESCA,ARAGÓN
CEIP SAN GREGORIO,974468552,cpontinena@educa.aragon.es,22,HUESCA,ARAGÓN
COLEGIO NUETSRA SEÑORA DEL CASTILLO,976610290,direccion@nscastillo.com,50,ZARAGOZA,ARAGÓN
CEIP BILINGÜE BALTASAR GRACIÁN,976881652,cpbgcalatayud@educa.aragon.es,50,ZARAGOZA,ARAGÓN
CEIP CORTES DE ARAGÓN,976512111,cpcarazaragoza@educa.aragon.es,50,ZARAGOZA,ARAGÓN
CEIP MARÍA ZAMBRANO,619137803,ceipmariazambrano@educa.aragon.es,50,ZARAGOZA,ARAGÓN
CEIP MIGUEL SERVET,653027617,escuelasenegue@gmail.com,22,HUESCA,ARAGÓN
CEIP ARAGÓN,635090464,jefatura@cparagonmonzon.es,22,HUESCA,ARAGÓN
CEIP TENERIAS,976292950,cptenzaragoza@educa.aragon.es,50,ZARAGOZA,ARAGÓN
CEIP LUCIO FABIO SEVERO,976637250,cpchiprana@educa.aragon.es,50,ZARAGOZA,ARAGÓN
CRA LA LLITERA COLE DE CASTILLONROY,647011111,beanaranjo101@hotmail.com,22,HUESCA,ARAGÓN
ESCUELA INFANTIL ISABEL DE ARAGÓN,6795600715,guarderiaepila@gmail.com,50,ZARAGOZA,ARAGÓN
CRA ESTADILLA-FONZ,974412031,crafonz@educa.aragon.es,22,HUESCA,ARAGÓN
CEIP VIRGEN DE LA SOLEDAD (BOLEA) HUESCA,615419511,muniacorcuerapascual@gmail.com,22,HUESCA,ARAGÓN
C.R.A MONLORA (ERLA),978694161,noeguimuerla@gmail.com,50,ZARAGOZA,ARAGÓN
CEIP DIPUTACIÓN PROVINCIAL,976824333,colegiodebrea@gmail.com,0,BREA DE ARAGÓN,ARAGÓN
CEIP MARÍA QUINTANA,974464270,cpmequinenza@educa.aragon.es,50,ZARAGOZA,ARAGÓN
"CEIP ""CÉSAR AUGUSTO""",620460962,aplana@ceipcesaraugusto.org,50,ZARAGOZA,ARAGÓN
CEIP SALVADOR MINGUIJÓN,676891444,cpsmcalatayud@educa.aragon.es,50,ZARAGOZA,ARAGÓN
CEIP JERÓNIMO ZURITA Y CASTRO,976404608,cpjzczaragoza@educa.aragon.es,50,ZARAGOZA,ARAGÓN
CRA LA SABINA,974392236,sabinarobres@cralasabina.com,22,HUESCA,ARAGÓN
CRA DEL EBRO,620666755,cragelsa@educa.aragon.es,50,ZARAGOZA,ARAGÓN
SANTA ANA,605095805,inmagovis@gmail.com,50,ZARAGOZA,ARAGÓN
FEFC-LA ANUNCIATA,976436600,direccionprimaria.zaragoza@fefcoll.org,50,ZARAGOZA,ARAGÓN
COLEGIO PIRINEOS,669126325,salvadorlafuente@ceippirineos.com,22,HUESCA,ARAGÓN
CEIP CERBÍN,662193158,master@ceipcerbin.es,22,HUESCA,ARAGÓN
CPI EL ESPARTIDERO,976582061,cpespartidero@educa.aragon.es,50,ZARAGOZA,ARAGÓN
CEIP NUESTRA SEÑORA DEL PILAR DE FAYÓN,976635692,marta.gorriz@cpfayon.com,44,TERUEL,ARAGÓN
CEIP CALIXTO ARIÑO-HILARIO VAL,976413997,cpcarzaragoza@educa.aragon.es,50,ZARAGOZA,ARAGÓN
CEIP MONTE OROEL,974356459,primeroroel@gmail.com,22,HUESCA,ARAGÓN
COLEGIO SAGRADO CORAZÓN MONCAYO,976754036,direccion@corazonistasmoncayo.com,50,ZARAGOZA,ARAGÓN
CEIP RAMÓN Y CAJAL DE ALPARTIR,620437020,cpalpartir@gmail.com,50,ZARAGOZA,ARAGÓN
ESCUELA INFANTIL EL TEXU ,606417747 / 984009010,eeieltexu@castrillon.es,33,ASTURIAS,ASTURIAS
EEI RIEGO ARRIBA,665 693 225,irislmarques@hotmail.com,33,ASTURIAS,ASTURIAS
CEIP PRINCIPE DE ASTURIAS,608241232,emmauno2001@yahoo.es,0,LAS PALMAS ( ISLA GRAN CANARIA),CANARIAS
CEIP EL TABLERO,647107569,emoescribo.ceipeltablero@gmail.com,35,LAS PALMAS,CANARIAS
EEI ALMIRANTE ANTEQUERA,928311101,35006266@gobiernodecanarias.org,35,LAS PALMAS,CANARIAS
CEIP EL GAMONAL,928640700,35005900@gobiernodecanarias.org,35,LAS PALMAS,CANARIAS
CPEI LA ARDILLA AMARILLA,928670273,info@laardillaamarilla.es,35,LAS PALMAS,CANARIAS
CEIP EL TOSCÓN,928671510,35006278@gobiernodecanarias.org,35,LAS PALMAS,CANARIAS
CEIP JUAN DEL RÍO AYALA,928641528,35009327@gobiernodecanarias.org,0,SANTA BRÍGIDA,CANARIAS
CEIP VILLA DE FIRGAS,617780380,educacioninfantilaula8@gmail.com,35,LAS PALMAS,CANARIAS
CPEIP NUESTRA SEÑORA DEL CARMEN,928278755,jefatura@cevdelcarmenesur.es,35,LAS PALMAS,CANARIAS
CEIP EL TABLERO,647107569,emoescribo.ceipeltablero@gmail.com,35,LAS PALMAS,CANARIAS
CEIP DOCTOR HERNÁNDEZ BENÍTEZ,647962413,isa.torreso@gmail.com,0,LAS PALMAS DE GRAN CANARIA,CANARIAS
GRUMETE LAS PALMAS,928230618,Grumetelaspalmas@kidsco.es,0,GRAN CANARIAS,CANARIAS
CEI KIDSCO BASE AÉREA DE GANDO,673896696,gando@kidsco.es,35,LAS PALMAS,CANARIAS
CEIP EN ARUCAS,649893533,davinandez@gmail.com,35,LAS PALMAS,CANARIAS
CPEIPS SAN RAFAEL,646917970,r.raixela@hotmail.com,35,LAS PALMAS,CANARIAS
CEIP GUINIGUADA,675896424,juditamado@gmail.com,0,LAS PALMAS DE GRAN CANARIA,CANARIAS
CPEIP SAGRADO CORAZON DE JESÚS ARUCAS,928601036,dolores.guerra@cevsagradorazonarucasesur.es,35,LAS PALMAS,CANARIAS
CEIP GABRIELA MISTRAL,606908876,Claudiaberenguer88@gmail.com,30,MURCIA,CARTAGENA
CEIP GABRIELA MISTRAL,606908876,Claudiaberenguer88@gmail.com,30,MURCIA,CARTAGENA
CEIP EL SANTO,926540709,director@ceipelsanto.com,13,CIUDAD REAL,CASTILLA LA MANCHA
ESCUELA INFANTIL POMPITAS,617832576,escuelainfantil@cedillodelcondado.es,45,TOLEDO,CASTILLA LA MANCHA
CEIP NUESTRA SEÑORA DE LA LUZ,925844241,45002202.cp@edu.jccm.es,45,TOLEDO,CASTILLA LA MANCHA
CEIP EL DUENDE,600328602,miopazo@jccm.es,45,TOLEDO,CASTILLA LA MANCHA
E.I. PIM-PON,649841597,msantos@aytoquintanar.org,45,TOLEDO,CASTILLA LA MANCHA
CEIP LA PALOMA,652966382,helenacm42@gmail.com,19,GUADALAJARA,CASTILLA LA MANCHA
CEIP MARIANO MUNERA,967 275129,02001743.cp@edu.jccm.es,2,ALBACETE,CASTILLA LA MANCHA
EI MARY POPPINS,925680683,680683@gmail.com,45,TOLEDO,CASTILLA LA MANCHA
CEIP NUESTRA SEÑORA DE LA NATIVIDAD,925 50 85 17,45000631.cp@edu.jccm.es,45,TOLEDO,CASTILLA LA MANCHA
COLEGIO EPISCOPAL - O.M.EKUMENE,967340250,cepiscopal@ekumene.org,2,ALBACETE,CASTILLA LA MANCHA
CEIP EL PRADILLO,926241292,13002061.CP@EDU.JCCM.ES,13,CIUDAD REAL,CASTILLA LA MANCHA
CEIP SAN ISIDRO LABRADOR,658579918,ruben180177@hotmail.com,45,TOLEDO,CASTILLA LA MANCHA
CEIP SANTA ANA,925779182- 600034390,45004144.cp@edu.jccm.es,45,TOLEDO,CASTILLA LA MANCHA
CEIP SAGRADO CORAZÓN DE JESÚS,925152025,45004454.cp@edu.jccm.es,45,TOLEDO,CASTILLA LA MANCHA
COLEGIO SANTISIMO CRISTO DE LA MISERICORDIA,34685907589,inmaacena@gmail.com,0,MIGUELTURRA,CASTILLA LA MANCHA
CEIP MIGUEL DELIBES,637958749,Ncelador@yahoo.es,45,TOLEDO,CASTILLA LA MANCHA
CEIP LA ESPINOSA,616129574,13001492.cp@edu.jccm.es,13,CIUDAD REAL,CASTILLA LA MANCHA
CEIP JESÚS BAEZA,686958749,rafialvarez@hotmail.com,0,VALDEPEÑAS,CASTILLA LA MANCHA
CEIP CRISTO DEL CONSUELO,926811904 / 627902839,13003142.cp@edu.jccm.es,0,CIUDAD REAL (TORRALBA DE CALATRAVA),CASTILLA LA MANCHA
NUESTRA SEÑORA DE LOS DESAMPARADOS,657112822,Gemagutierrez@colegionsdesamparados.es,45,TOLEDO,CASTILLA LA MANCHA
CRA LA ENCINA,675784052,martingordillo30@gmail.com,19,GUADALAJARA,CASTILLA LA MANCHA
IES EL GRECO,618715257,ilduroca@hotmail.com,45,TOLEDO,CASTILLA LA MANCHA
CEIP CERVANTES,967325287/ 637823523,mamelia.gonzalez@edu.jccm.es,2,ALBACETE,CASTILLA LA MANCHA
NUESTRA SEÑORA DE LOS DESAMPARADOS,657112822,Gemagutierrez@colegionsdesamparados.es,45,TOLEDO,CASTILLA LA MANCHA
CRA RETAMA,969125378,16004182.cra@edu.jccm.es,16,CUENCA,CASTILLA LA MANCHA
IES MAESTRE DE CALATRAVA,926 23 25 30/ 926 25 08 12,orientacion@iesmaestredecalatrava.es,13,CIUDAD REAL,CASTILLA LA MANCHA
CEIP. NTRA. SRA. DE HORTUM SANCHO,925 86 33 82,45000552.cp@edu.jccm.es,45,TOLEDO,CASTILLA LA MANCHA
CEIP SAGRADO CORAZÓN DE JESÚS - TÓRTOLA DE HENARES,949313668,19002275.cp@edu.jccm.es,19,GUADALAJARA,CASTILLA LA MANCHA
CEIP TIRSO DE MOLINA,616762446,ehernandezj@edu.jccm.es,45,TOLEDO,CASTILLA LA MANCHA
CEIP PRÍNCIPE DE ASTURIAS,967340240,jefatura@coleprincipe.com,2,ALBACETE,CASTILLA LA MANCHA
CEIP GLORIA FUERTES,926551169,13004870.cp@edu.jccm.es,13,CIUDAD REAL,CASTILLA LA MANCHA
"CRA ""MOLINOS DEL JÚCAR""",638735576,mariadolores.toboso@edu.jccm.es,16,CUENCA,CASTILLA LA MANCHA
CEIP SAN FULGENCIO,601129694,02000167.cp@edu.jccm.es,2,ALBACETE,CASTILLA LA MANCHA
CRA GUADIELA,969311117,aruedamz@edu.jccm.es; anaruedamz@gmail.com,16,CUENCA,CASTILLA LA MANCHA
CRA RÍO TAJO-JMO,675935477,carla-gj@hotmail.com,45,TOLEDO,CASTILLA LA MANCHA
CEIP CASTILLO DE PIOZ,654314038,smmolina78@gmail.com,19,GUADALAJARA,CASTILLA LA MANCHA
CEIP CRISTÓBAL COLÓN,623472033,acallejam@edu.jccm.es,2,ALBACETE,CASTILLA LA MANCHA
CEIP MARÍA LUISA CAÑAS,636336783,13002162.cp@edu.jccm.es,0,PEDRO MUÑOZ,CASTILLA LA MANCHA
E.I. ALOPEKES,949270872,admin@alopekes.net,19,GUADALAJARA,CASTILLA LA MANCHA
E.I. VALDELUZ,949310858,valdeluzescuelainfantil@gmail.com,19,GUADALAJARA,CASTILLA LA MANCHA
CEIP BENJAMIN PALENCIA,637543492,cijco76@gmail.com,2,ALBACETE,CASTILLA LA MANCHA
IES ATENEA EN CIUDAD REAL,658502602,jorge.perabad@gmail.com,13,CIUDAD REAL,CASTILLA LA MANCHA
NTRA. SRA DEL CARMEN,699055197,catunami@nscarmenva.es,47,VALLADOLID,CASTILLA Y LEÓN
SAN JUAN BAUTISTA DE LA SALLE,675186261,yolanda@lasallevalladolid.es,47,VALLADOLID,CASTILLA Y LEÓN
LA SUITE INFANTIL,644194608,beatriz@lasuiteinfantil.com,47,VALLADOLID,CASTILLA Y LEON
CRA EL CARRACILLO,635461883,horta.adoberas@gmail.com,40,SEGOVIA,CASTILLA Y LEÓN
CEIP SANTA TERESA DE JESÚS (EL BARRACO),649055131,Beatriz.pergal@educa.jcyl.es,5,ÁVILA,CASTILLA Y LEÓN
CRA MORAÑA BAJA,920310175,05006090@educa.jcyl.es,5,ÁVILA,CASTILLA Y LEÓN
"CEIP CRA ""EL CARRACILLO""",921160072,40004890@educa.jcyl.es,40,SEGOVIA,CASTILLA Y LEÓN
CRA FLORIDA DEL DUERO,983866064,47007203@educa.jcyl.es,47,VALLADOLID,CASTILLA Y LEÓN
ESCUELA INFANTIL CASILDA ORDÓÑEZ,979163704,casildaordonezei@gmail.com,34,PALENCIA,CASTILLA Y LEÓN
ESCUELA INFANTIL CRES SANZ,696129161,cressanzei@gmail.com,34,PALENCIA,CASTILLA Y LEÓN
COLEGIO DIVINA PASTORA,650915811,direccion_dpa@edu.anamogas.org,5,ÁVILA,CASTILLA Y LEÓN
CEIP CATALINA DE PALACIOS,925 519 846,45011963.cp@edu.jccm.es,45,TOLEDO,CASTILLA-LA MANCHA.
ESCOLA MARIA MANENT,620334295,ffuentes@escolamariamanent.cat,8,BARCELONA,CATALUÑA
LLAR D'INFANTS EL CARGOL,947887219,Info@elcaegol.cat,8,BARCELONA,CATALUÑA
ARCO IRIS,933973145,ARCOIRIS23@HOTMAIL.ES,8,BARCELONA,CATALUÑA
EL TRENET,629821710,El_trenet@hotmail.com,25,LLEIDA,CATALUÑA
ATENEU INSTRUCTIU,933731716,ggalcer3@xtec.cat,8,BARCELONA,CATALUÑA
MANYANET VILAFRANCA (SANT RAMON DE PENYAFORT),93 890 0188,e.gutierrez@vilafranca.manyanet.org,8,BARCELONA,CATALUÑA
ESCOLA SANTA MARIA DELS APÒSTOLS,933149011,cristina.marcus@smapostols.org,8,BARCELONA,CATALUÑA
ESCUELA JOSEP CARNER,600375164,jlope435@xtec.cat,8,BARCELONA,CATALUÑA
ATENEU INSTRUCTIU,933731716,ggalcer3@xtec.cat,8,BARCELONA,CATALUÑA
ESCOLA L'ASSUMPCIÓ,977489593,e3004074@xtec.cat,43,TARRAGONA,CATALUÑA
EL CARME,693216932,joan.espinosa@elcarmelleida.cat,25,LLEIDA,CATALUÑA
CEI EL CORNETÍN,651359472,Ceuta@kidsco.es,0,CEUTA,CEUTA
CEIP MARIANO BENLLIURE,962565220,46016129@gva.es,46,VALENCIA,COMUNIDAD VALENCIANA
SUNNYSIDE,692924863,sunnysidecei@gmail.com,46,VALENCIA,COMUNIDAD VALENCIANA
BABY IALE,963464190,info@babyiale.com,46,VALENCIA,COMUNIDAD VALENCIANA
CEIP LA CALA,966870910,03003000@gva.es,46,VALENCIA,COMUNIDAD VALENCIANA
LA LLAR DELS BARRUFETS,625243812,LLARBARRUFETS@HOTMAIL.COM,46,VALENCIA,COMUNIDAD VALENCIANA
ESCUELA INFANTIL EL PATIET,965567043,elpatiet@hotmail.com,3,ALICANTE,COMUNIDAD VALENCIANA
E.I. JOANOT MARTORELL,966912025,03013200@gva.es,3,ALICANTE,COMUNIDAD VALENCIANA
CEI EL BADALL,96-1754311,elvi74@hotmail.es,46,VALENCIA,COMUNIDAD VALENCIANA
CEIP LA CONDOMINA,678436857,luisavoramar@gmail.com,3,ALICANTE,COMUNIDAD VALENCIANA
E.I. MUNICIPAL,655672180,alberodos@gmail.com,3,ALICANTE,COMUNIDAD VALENCIANA
SANTA TERESA DE JESÚS EL VEDAT,696706652,monica.perez@elvedat.escolateresiana.com,46,VALENCIA,COMUNIDAD VALENCIANA
MINI MÓN,625321635,03020587@gva.es,3,ALICANTE,COMUNIDAD VALENCIANA
CEIP FRANCISCO GRANGEL MASCARÓS,964738255,12000133@edu.gva.es,0,CASTELÓN,COMUNIDAD VALENCIANA
IES JORDI DE SANT JORDI,606251637,Lacastaana@iesjordi.com,46,VALENCIA,COMUNIDAD VALENCIANA
CEIP COMTE D'ARANDA,964738305,12000145@gva.es,12,CASTELLÓN,COMUNIDAD VALENCIANA
COLEGIO LA SALLE,649568725,egustems@lasallevp.es,12,CASTELLÓN,COMUNIDAD VALENCIANA
IES XIMEN D'URREA,628324487,orientacio@ximendurrea.com,12,CASTELLÓN,COMUNIDAD VALENCIANA
COLEGIO PUÉRTOLAS PARDO,964360083,gual@puertolaspardo.org,12,CASTELLÓN,COMUNIDAD VALENCIANA
IES PUZOL,615286564,vicenteibanezmomplet@gmail.com,46,VALENCIA,COMUNIDAD VALENCIANA
CEIP MARÍA MOLINER,678200208,03017311@gva.es,3,ALICANTE,COMUNIDAD VALENCIANA
CEIP ELS GARROFERS,966630494,03012062@gva.es,3,ALICANTE,COMUNIDAD VALENCIANA
COLEGIO HOGAR NUESTRA SEÑORA DEL ROSARIO,963672182,colegio@hogarrosario.com,46,VALENCIA,COMUNIDAD VALENCIANA
CEIP JORGE GUILLÉN,966616055,03011884@gva.es,3,ALICANTE,COMUNIDAD VALENCIANA
PRIMER CICLO MUNICIPAL SEISCIENTAS TRECE LLUMENETES I,664653029,llumenetes1@cativos.com,46,VALENCIA,COMUNIDAD VALENCIANA
CEIP LO CAMPANAR,964336053-964336050,12000121@gva.es,12,CASTELLÓN,COMUNIDAD VALENCIANA
VAMOS AL COLE,649309667,Lidiasantularia89@gmail.com,3,ALICANTE,COMUNIDAD VALENCIANA
"ESCUELA INFANTIL MUNICIPAL ""VAMOS AL COLE""",646246088,estefaniapjpj@gmail.com,0,ALGUEÑA-ALICANTE,COMUNIDAD VALENCIANA
CEIP ALCALDE FABREGAT,964336125,12000431@gva.es,12,CASTELLÓN,COMUNIDAD VALENCIANA
ESCUELA INFANTIL LA PRADERA,675894797,espacioeducativolapradera@gmail.com,3,ALICANTE,COMUNIDAD VALENCIANA
CEIP SANTA TERESA DE JESÚS,617788353,mcgarzonh@educa.jcyl.es,0,AVILA,CYL
KIDSCO GENERAL MENACHO,924285130,botoa@kidsco.es,6,BADAJOZ,EXTREMADURA
COLEGIO LA SALLE,634813999,andrea.rodriguez@lasallesantiago.gal,15,A CORUÑA,GALICIA
ESCOLA INFANTIL PASIÑO A PASIÑO,657415605,Gipasinos@gmail.com,32,OURENSE,GALICIA
ESCOLA DE EDUCACIÓN INFANTIL,649390956,ceip.rubios@edu.xunta.gal,36,PONTEVEDRA,GALICIA
CEIP A DOBLADA,636335736,cristinaabalo@edu.xunta.gal,36,PONTEVEDRA,GALICIA
CPR CID,981255244,cpr.cid@edu.xunta.gal,15,A CORUÑA,GALICIA
CEIP. DE VITEI,881867830/ 643938527,ceipvite1@edu.xunta.es,15,A CORUÑA,GALICIA
CEIP DE MACEDA,606159271,andreafernandez@ceippmaceda.com; fernandeznovoandrea@gmail.com,32,OURENSE,GALICIA
CEIP A PAZ TINTUREIRA,886120271,ceip.apaz@edu.xunta.es,0,VIGO-PONTEVEDRA,GALICIA
CEIP PLURILINGÜE RÍA DE VIGO,886120101,ceip.riadevigo@edu.xunta.gal,36,PONTEVEDRA,GALICIA
CEIP DA LAXE,660445003,noemigr@edu.xunta.gal,36,PONTEVEDRA,GALICIA
ESCOLA INFANTIL PASIÑO A PASIÑO,657415605,Gipasinos@gmail.com,32,OURENSE,GALICIA
GRUMETE FERROL,981336193,grumeteferrol@kidsco.es,15,A CORUÑA,GALICIA
ESCOLA INFANTIL O PARQUE,981766705,eioparque@gmail.com,15,A CORUÑA,GALICIA
SAN JOSÉ CARMELITAS A GUARDA,699030369,mariateresa_barbosa@hotmail.com,36,PONTEVEDRA,GALICIA
ESCUELA INFANTIL CEO AZUL BUEU,698155576,aeceoazulbueu@gmail.com,36,PONTEVEDRA,GALICIA
CEIP PLURILINGÜE CASTRILLÓN - COIRO,663641474,lboubeta16@gmail.com,36,PONTEVEDRA,GALICIA
CASA DO NENO,619169300,casadoneno@casadoneno.edu.es,15,A CORUÑA,GALICIA
CEIP PLURILINGÜE DOMAIO,657507313,ceip.domaio@edu.xunta.gal,36,PONTEVEDRA,GALICIA
KIDSCO VIRGEN DE LORETO,655020442,palma@kidsco.es,0,PALMA DE MALLORCA,ISLAS BALEARES
CEIP MAESTRO FÉLIX SANTANA,928697147,35007301@gobiernodecanarias.org,35,LAS PALMAS,ISLAS CANARIAS
CRA ENTREVALLES,941367323,sreglerog01@larioja.edu.es,26,LA RIOJA,LA RIOJA
CEIP ADELA SANTANA,618937563,aperrioa@canariaseducacion.es,35,LAS PALMAS,LAS PALMAS DE GC
COLEGIO SAN LUIS FELCA,687749892,a.iturbide@sanluisfelca.com,28,MADRID,MADRID
NUESTRA SEÑORA DE LAS VICTORIAS,914035303,Amartinez@filipensesmadrid.net,28,MADRID,MADRID
ESCUELA INFANTIL ANDARINES,649919909,marcordero@andarines-ei.com,28,MADRID,MADRID
COLEGIO CASTILLA,647600542,henar.m.n@colegiocastilla.com,28,MADRID,MADRID
LA CHARCA MÁGICA,623193113,lgomez@lacharcamagica.es,28,MADRID,MADRID
BICHEJOS,915277521,valdebebas@escuelainfantilbichejos.com,28,MADRID,MADRID
EASY PEASY,660063927,INES@EASY-PEASY.ES,28,MADRID,MADRID
ESCUELA INFANTIL LA LUNA,653932884,cgarcifi@gmail.com,28,MADRID,MADRID
COLEGIO ESCANDINAVO,916500127,colegio@escandinavo.com,28,MADRID,MADRID
BARCOS DE PAPEL,644527327,info@escuelainfantilbarcosdepapel.com,28,MADRID,MADRID
KING'S INFANT SCHOOL,669806307,miguelangel.dominguez@kings.education,28,MADRID,MADRID
E.I. MUNDO MÁGICO,916698374,direccion@escuelamundomagico.com,28,MADRID,MADRID
CC LUIS FEITO,914623137,luisfeito@telefonica.net,28,MADRID,MADRID
CEIP EMPERADOR CARLOS V,916812701,cp.emperadorcarlosv.getafe@educa.madrid.org,28,MADRID,MADRID
CEIP REPUBLICA DE CHILE,913046658,CP.CHILE.MADRID@EDUCA.MADRID.ORG,28,MADRID,MADRID
EL PARQUE,912412201,CEIELPARQUE@GMAIL.COM,28,MADRID,MADRID
ESCUELA INFANTIL ARCO IRIS,666 296 921,arcoirismoratalaz@hotmail.com,28,MADRID,MADRID
EI CHIQUIHOUSE,916924353,eichiquihouse@hotmail.com,28,MADRID,MADRID
EEI EL GATO CON BOTAS,911167918,escuelainfantilelgatoconbotas@gmail.com,28,MADRID,MADRID
ESCUELA INFANTIL DIÁBOLO,639771938,diaboloei@hotmail.es,28,MADRID,MADRID
"C.E.I.P ""ANTONIORROBLES""",918903391,cp.antoniorobles.sanlorenzo@educa.madrid.org,28,MADRID,MADRID
ESCUELA INFANTIL PUZZLES,683434831,eipuzzles18@gmail.com,28,MADRID,MADRID
ESCUELA INFANTIL LAS MENINAS,918977739,eei.lasmeninas.valdemorillo@educa.madrid.org,28,MADRID,MADRID
E.I PARQUE DE LISBOA,608794740,luz-lucendo@hotmail.com,28,MADRID,MADRID
CEIP VICENTE ALEIXANDRE ALCORCÓN,665105599,mdolores.sanchez.moreno@madrid.org,28,MADRID,MADRID
ESCUELA INFANTIL LA ALDEA,615384556,escuelainfantillaaldea@hotmail.com,28,MADRID,MADRID
ESCUELA INFANTIL LUISMAPETONGA - PELUCHES,609725299,infoluismapetonga@gmail.com,28,MADRID,MADRID
ESCUELA INFFANTIL PILOCHA,916790671,escuelapilocha@hotmail.es,28,MADRID,MADRID
ESC. INF. LA CASITA DE KIKA,915659453,lacasitadekika@yahoo.es,28,MADRID,MADRID
CEIP BELMONTE DE TAJO,918747247,cp.belmontedetajo.belmonte@educa.madrid.org,28,MADRID,MADRID
ESCUELA INFANTIL CHIRIBITAS,685635324,info@escuelachiribitas.com,28,MADRID,MADRID
ESCUELA INFANTIL PLANETA AZUL AIRBUS,662968877,planetaazul@kidsco.es,28,MADRID,MADRID
E.I.OSOBUCO,914139286,osobuco2@osobuco.net,28,MADRID,MADRID
C.E.I SUEÑOS DE PAPEL,657937248,suenosdepapel.escuelainfantil@gmail.com,28,MADRID,MADRID
PEQUEÑO PRÍNCIPE,656858038,planetaprincipe@gmail.com,28,MADRID,MADRID
EEI EL SEÑOR DON GATO,670939547,ELSENORDONGATO@KIDSCO.ES,28,MADRID,MADRID
MY LITTLE PLANET NURSERY SCHOOL,618925557,info@mylittleplanet.es,28,MADRID,MADRID
ESCUELA INFANTIL LA CASITA DE MURIEL,679593246,lacasitademuriel@hotmail.com,28,MADRID,MADRID
ESCUELA INFANTIL ANETACHU,918062208,alejandra.lopezrios@anetachu.com,28,MADRID,MADRID
ESCUELA INFANTIL BAMBINO’S,685179914,Info@eibambinos.com,28,MADRID,MADRID
BETARIA,686071121,amandali85@hotmail.com,28,MADRID,MADRID
ESCUELA INFANTIL MAMÁ,916905618,directora@eimama.com,28,MADRID,MADRID
ESCUELA INFANTIL PUZZLE,914996047,informacion@escuelainfantilpuzzle.com,28,MADRID,MADRID
COLEGIO LOS NOGALES,918104457,infantil@colegiolosnogales.es,28,MADRID,MADRID
ESCUELA INFANTIL ALEGRÍA,620737282,info@escuelainfantilalegria.com,28,MADRID,MADRID
ESCUELA INFANTIL EL GIRASOL,917415256,administracion@el-girasol.net,28,MADRID,MADRID
ESCUELA INFANTIL SOL SOLITO,699873469,eisolsolito@geinfantiles.com,28,MADRID,MADRID
CEIP MARUJA MALLO,699662524,ines.jimenez3@educa.madrid.org,28,MADRID,MADRID
ESCUELA INFANTIL BABYLAND,675746630,dani_y_su@hotmail.com,28,MADRID,MADRID
CEIP. ANTONIO HERNÁNDEZ,916133008,cp.antoniohernandez.mostoles@educa.madrid.org,28,MADRID,MADRID
EI CHIQUIHOUSE,916924353,eichiquihouse@hotmail.com,28,MADRID,MADRID
ESCUELA INFANTIL MARTA MATA,647520796,marta.mata@kidsco.es,28,MADRID,MADRID
ESCUELA INFANTIL FÁBULAS Y LEYENDAS,647521218,fabulasyleyendas@kidsco.es,28,MADRID,MADRID
COLEGIO SAN RAMÓN Y SAN ANTONIO,915637091,jchuete@colegiosanramonysanantonio.es,28,MADRID,MADRID
ESCUELA INFANTIL CASCABELES,646062332,cascabeles@kidsco.es,28,MADRID,MADRID
ESCUELA INFANTIL MIS GARABATOS,916476370,escuelainfantilmisgarabatos@hotmail.com,28,MADRID,MADRID
MIRASUR,916925089,lauragarcia@colegiomirasur.com,28,MADRID,MADRID
ROSA CARAMELO,674864020,rosacaramelo@kidsco.es,28,MADRID,MADRID
EEI EL PRINCIPITO,916291761,MMC236@MADRID.ORG,28,MADRID,MADRID
COLEGIO LITTERATOR,657213730,Soledad.gonzalez@colegiolitterator.com,28,MADRID,MADRID
LUZ CASANOVA EMBAJADORES,679041388,iris.zurita@luzcasanovaembajadores.es,28,MADRID,MADRID
LUZ CASANOVA EMBAJADORES,618349343,berta.dominguez@luzcasanovaembajadores.es,28,MADRID,MADRID
COLEGIO SAN ALBERTO MAGNO,680744543,jessica_pl_@hotmail.com,28,MADRID,MADRID
FONTENEBRO INTERNATIONAL SCHOOL,918578942,j.garcia@laudefontenebro.com,28,MADRID,MADRID
ESCUELA INFANTIL PIECITOS,651176707,marta.lopez.mesas@hotmail.es,28,MADRID,MADRID
DRAGON AMERICAN SCHOOL,675884591,Lucia@dragonamericanschool.com,28,MADRID,MADRID
ESCUELA INFANTIL BENJAMINES,914034223,info@benjamines.es,28,MADRID,MADRID
DRAGON AMERICAN SCHOOL,675884591,lucia@dragonamericsnschool.com,28,MADRID,MADRID
CEIP BARCELONA,CEIP Barcelona,cp.barcelona.madrid@educa.madrid.org,28,MADRID,MADRID
KIDSCO BAT,659973454,Torrejon@kidsco.es,28,MADRID,MADRID
MONTESSORI VILLAGE ALCALÁ,605910011,alcala@montessorivillage.es,28,MADRID,MADRID
ESCUELA INFANTIL SAN JORGE SCHOOL,671525992,administracion@sanjorgeschool.com,28,MADRID,MADRID
CEIP CIUDAD PEGASO,677324620,patriciavazquez85@hotmail.com,28,MADRID( CANILLEJAS- SAN BLAS),MADRID
COLEGIO HÉLADE,916338062,direccion@colegiohelade.es,28,MADRID,MADRID
NUESTRA SEÑORA DE LA MERCED,914727650,esther.perez@nslamerced.com,28,MADRID,MADRID
CEIP RABINDRANATH TAGORE,917332373,cp.tagore.madrid@educa.madrid.org,28,MADRID,MADRID
ESCUELA EDUCACIÓN INFANTIL ROSA,913501362,eei.rosa.madrid@educa.madrid.org,28,MADRID,MADRID
PONCE DE LEÓN,913178441,ralvarez@ponceleon.org,28,MADRID,MADRID
KIDSCO ALFONSO X,915126620,geografico@kidsco.es,28,MADRID,MADRID
COTTONS,916433265,e_i_cottons@hotmail.com,28,MADRID,MADRID
CEIP SAN LORENZO,618776063,lauraprofeinfantil15@gmail.com,28,SAN LORENZO DE EL ESCORIAL,MADRID
CRA CABANILLAS DE LA SIERRA,918439021,cra.cabanillas@educa.madrid.org,28,MADRID,MADRID
CEIP MARÍA DE MAEZTU,918574465,cp.mariademaeztu.cerceda@educa.madrid.org,28,MADRID,MADRID
MARÍA,669137824,maglezn@gmail.com,28,MADRID,MADRID
E.I. MARGOT,91367283,informacion@cimargot.com,28,MADRID,MADRID
CEIP ERMITA DEL SANTO,679995993,cp.ermitadelsanto.madrid@educa.madrid.org,28,MADRID,MADRID
CEIP JORGE GUILLÉN ,676770271,n8emi@yahoo.es,28,MADRID,MADRID
ESCUELA INFANTIL LOS ÁNGELES,649984484,losangeles.ampa@gmail.com,28,MADRID,MADRID
MONTESSORI VILLAGE LA MORALEJA,620909956,pedagogico.lamoraleja@montessorivillage.es,28,MADRID,MADRID
COLEGIO LICEO EUROPEO,916500000,antonio.delpozo@liceo-europeo.edu.es,28,MADRID,MADRID
KIDSCO MELILLA,952116103,Melilla@kidsco.es,0,MELILLA,MELILLA
COLEGIO MAGDA,628573238,isabelmartinez@colegiomagda.com,30,MURCIA,MURCIA
CEIP POETA ANTONIO OLIVER,968518024,30001965@murciaeduca.es,30,MURCIA,MURCIA
C.E.I.P ATALAYA,646436810,anganoal@hotmail.com,30,CARTAGENA,MURCIA
GRUMETE CARTAGENA,696806222,mayos0@hotmail.com,30,MURCIA,MURCIA
KIDSCO ACADEMIA GENERAL DEL AIRE,968189641,Sanjavier@kidsco.es,30,MURCIA,MURCIA
ESCUELA INFANTIL KIDSCO B.A. ALCANTARILLA,657865783,Alcantarilla@kidsco.es,30,MURCIA,MURCIA
ESCUELA INFANTIL NENOS,661913224/ 968079024,escuelanenos@gmail.com,30,MURCIA,MURCIA
ÁNGEL MARTÍNEZ BAIGORRI,948693311,cplodosa@educacion.navarra.es,0,NAFARROOA,NAFARROA
LA PRESENTACIÓN-FES,948140388,i.larrea.vil@fesd.es,31,NAVARRA,NAVARRA
CPEIP PITILLAS,948745226,cppitill@educacion.navarra.es,31,NAVARRA,NAVARRA
ESCEULA DE EDUCADORES/AS PAMPLONA,630571923,egravalo@educacion.navarra.es,31,NAVARRA,NAVARRA
C.I. ESCUELA DE EDUCADORAS Y EDUCADORES - HEZITZAILE ESKOLA I.I,848430970,eetxebe2@educacion.navarra.es,31,NAVARRA,NAVARRA
COLEGIO NOTRE DAME- FESD,948143599,dpp.burlada@fesd.es,31,NAVARRA,NAVARRA
"ESCUELA INFANTIL ""SEGUNDA GENERACIÓN""",610348010,escuelainfantil@caparroso.es,31,NAVARRA,NAVARRA
COLEGIO LA ANUNCIATA,639423596,jep.tudela@fesd.es,31,NAVARRA,NAVARRA
ZANGOZA IKASTOL,948870919,maiderberrotaran@zangoza-ikastola.org,31,NAVARRA,NAVARRA
CENTRO INFANTIL LA GUARDE,617125071,laguarde.villava@gmail.com,31,NAVARRA,NAVARRA
MURUMENDI,647315625,Marea018@gmail.com,0,ZUMARRAGA,PAÍS VASCO
CEIP MARIA ZAMBRANO,976568514 619137803,belen.valero@mzambranozgz.com,50,ZARAGOZA,ZARAGOZA
STA. MARÍA DEL PILAR - MARIANISTAS,976 25 87 87,cgarcia@marianistas.net,50,ZARAGOZA,ZARAGOZA
